{"acc": [0.6938000000086698, 0.796709090865742, 0.8172909090735696, 0.8309454545801336, 0.8428727273074064, 0.852545454528115, 0.8610181818181818, 0.8674545454892245, 0.8734181818008423, 0.8768000000346791, 0.8828545454805548, 0.8865636364069852, 0.8902000000260093, 0.89469090905623, 0.8986363636710427, 0.9013454545714639, 0.903818181774833, 0.9075454545888034, 0.9105818181731484, 0.9134363636016846, 0.9159636364069852, 0.9175636363549666, 0.9210181818268516, 0.9249454545021057, 0.9270545454632152, 0.9298545454372059, 0.9310363636276938, 0.9344727272640575, 0.9363090908744118, 0.9383454545454546], "loss": [2.440722310811823, 0.7704341985789213, 0.6486813214648853, 0.5847041979356246, 0.539635539371317, 0.5037881819031456, 0.4783733069333163, 0.45609239095341075, 0.4368085922154513, 0.41894917757727884, 0.4031178896730596, 0.3896518175645308, 0.37893538524020803, 0.36623722386793656, 0.35459196868376297, 0.34523549251556396, 0.3351971684542569, 0.32688554048971696, 0.3183719431205229, 0.3100833257068287, 0.3015178256555037, 0.295238619685173, 0.2889506953542883, 0.2803824625947259, 0.272434265368635, 0.26467505794871937, 0.2610700341918252, 0.25597112314917825, 0.24701386842294173, 0.24199407096342607], "val_loss": [0.8602111038208008, 0.6773860161304474, 0.5917179615974426, 0.5567572405338287, 0.5019507911682128, 0.49374895710945127, 0.4822242248535156, 0.4568148002624512, 0.440700208568573, 0.4363532714366913, 0.42661090166568755, 0.40452696805000304, 0.4024856924057007, 0.4021912258148193, 0.38335814571380616, 0.39376792677640915, 0.3869141762256622, 0.3870414980649948, 0.3768878151655197, 0.385422817492485, 0.36972523736953733, 0.37480996518135073, 0.35886310358047485, 0.3626211487054825, 0.3597982593297958, 0.3652284621596336, 0.36550464887619016, 0.35372523334026335, 0.35917799558639524, 0.36977566056251526], "val_acc": [0.79, 0.8158, 0.8316, 0.84, 0.8584, 0.8538, 0.8642, 0.8634, 0.8726, 0.8682, 0.8738, 0.8822, 0.8846, 0.8814, 0.8876, 0.8856, 0.8858, 0.8872, 0.8852, 0.8798, 0.8904, 0.8878, 0.895, 0.8902, 0.8918, 0.8892, 0.8904, 0.8956, 0.8942, 0.8848]}