{"acc": [0.7896545454285362, 0.8712363636797125, 0.8881090908744118, 0.8979454545194453, 0.9040727272813971, 0.9094363636623729, 0.913890909134258, 0.9163818181818182, 0.9228727272640576, 0.9244909090475603, 0.9251818181558089, 0.9282181818441911, 0.9299636363636363, 0.9337636363723061, 0.9349454545367848, 0.9355090909351003, 0.9360363636710427, 0.9369818182078274, 0.9396181818528608, 0.9394909090475603, 0.9424363636276939, 0.9438545454978943, 0.9432181817921725, 0.9437818182078275, 0.9465454545194453, 0.9462727272293784, 0.9457090908657421, 0.9487090909004211, 0.9480545454458756, 0.9486909090648998], "val_loss": [0.3457017459630966, 0.3044179823637009, 0.2811694949865341, 0.256860860657692, 0.24384714272022248, 0.2280405932754278, 0.21941731886565685, 0.2263645855128765, 0.21195719767063856, 0.20572338089197875, 0.21167673259675504, 0.20484889050126076, 0.20224927915036678, 0.2087085462808609, 0.20815164165198802, 0.20231403909921647, 0.19836495983824134, 0.19546315001174808, 0.20302796415761112, 0.1940394050680101, 0.19685559955537318, 0.19532535857334732, 0.19565906720161438, 0.19750791106373072, 0.2013564374178648, 0.2080185198649764, 0.2032649000361562, 0.19338637245446444, 0.19698733779937028, 0.2002099702846259], "loss": [0.6317678846879439, 0.3584354101787914, 0.31089454884529116, 0.2836717299743132, 0.26221970507231623, 0.24985019916404377, 0.23724545284618032, 0.22758620953559874, 0.2169289829080755, 0.20924048417048022, 0.20557148412357676, 0.1969695158633319, 0.1921718867518685, 0.18491517912257802, 0.1799093465241519, 0.17525069732232526, 0.17537018878785046, 0.16893093949664723, 0.16337459623596884, 0.16186855143091897, 0.15856371977004138, 0.1548600718866695, 0.15424329852732746, 0.149605650379441, 0.14649495637200097, 0.1465923737786033, 0.14611191485144875, 0.1403645258209922, 0.13933400898413226, 0.1379428861628879], "val_acc": [0.8826, 0.896, 0.8998, 0.9102, 0.9108, 0.9172, 0.9228, 0.9188, 0.9256, 0.9236, 0.9204, 0.927, 0.9256, 0.9244, 0.9242, 0.9288, 0.9268, 0.9318, 0.9284, 0.93, 0.9294, 0.9276, 0.9308, 0.9308, 0.926, 0.9264, 0.9242, 0.9302, 0.93, 0.9278]}