{"val_acc": [0.7932, 0.8628, 0.8826, 0.8672, 0.8872, 0.8904, 0.8902, 0.909, 0.8978, 0.9134, 0.913, 0.9066, 0.9086, 0.9136, 0.9062, 0.9154, 0.907, 0.9092, 0.9042, 0.9166, 0.9156, 0.9118, 0.9144, 0.91, 0.9152, 0.919, 0.9144, 0.915, 0.921, 0.9206], "loss": [0.800035135121779, 0.4232566914775155, 0.37163494396643204, 0.3530581180875952, 0.3431539944908836, 0.3298821858579462, 0.325827796498212, 0.3157400770187378, 0.30936850127306853, 0.30583820285363633, 0.29696848345669835, 0.28702443463152105, 0.2833334995789961, 0.28012508211569354, 0.27416676025607367, 0.27325886306329206, 0.2666039083740928, 0.26191966566172514, 0.25875152353373443, 0.2524094274802641, 0.2533817742391066, 0.243599786307595, 0.24607363994338297, 0.2438123294808648, 0.24338011410453103, 0.24646846187764948, 0.23544338258396497, 0.23877653657523068, 0.23285162453001196, 0.22877254606376995], "acc": [0.786145454562794, 0.8551636363636363, 0.8724, 0.8787818181644786, 0.8815454545367848, 0.8868545454458757, 0.8890000000173396, 0.8915272726839238, 0.8936000000433488, 0.8950727272900668, 0.8988181817921725, 0.9017636363549666, 0.90209090905623, 0.9025454545714638, 0.9063272727532821, 0.9062727272380482, 0.9091818181818182, 0.9084727272553877, 0.9106363636797125, 0.9125090909351002, 0.911145454562794, 0.9138909091255881, 0.9136909090995788, 0.9156727272380482, 0.9157818181731484, 0.91409090905623, 0.9185454545107755, 0.91529090905623, 0.9185454545541243, 0.9202727272553878], "val_loss": [0.6334471449136734, 0.39175988014936447, 0.34308324805647133, 0.39894030330181124, 0.32803511754274367, 0.31147599544525145, 0.3209318045258522, 0.26770823176950215, 0.2948066408395767, 0.260670267277956, 0.2647059503391385, 0.2857523425459862, 0.29155804077386854, 0.2767715291380882, 0.2865555476993322, 0.2554013880379498, 0.2864455227136612, 0.2804754305124283, 0.2929366797447205, 0.2511443447962403, 0.26542744264900686, 0.2675037369325757, 0.27826706035733223, 0.26742589409351347, 0.25764765354394914, 0.258600225789845, 0.2583442094147205, 0.2748098030269146, 0.25414265099167827, 0.24822736743688584]}