{"val_loss": [0.3204656646966934, 0.2729138329029083, 0.2641320357322693, 0.24620947437882423, 0.23408626281023026, 0.24137815300226212, 0.23390951257050038, 0.22468087951093912, 0.2565925236582756, 0.27242077637724577, 0.2635627918802202, 0.2657473165852949, 0.2991003725010902, 0.31663834951743486, 0.306809014133364, 0.305828271042183, 0.34085717737674714, 0.3273222127780318, 0.34586046575773505, 0.37578925701864063, 0.373122125993669, 0.3487281289757229, 0.370203399105696, 0.3713590368843637, 0.39400593549340845, 0.4091612470881781, 0.42469778826261245, 0.4222584207537613, 0.39223748202268033, 0.42640093654990197], "loss": [0.580955592545596, 0.3273935242696242, 0.2798563649892807, 0.24044449633251536, 0.2110710913961584, 0.18530892540108074, 0.16437720864035865, 0.1443100245215676, 0.12455445032444867, 0.10816674120317805, 0.09627984140569514, 0.08323909967812625, 0.07708738220496611, 0.06771311226785183, 0.06018151771913875, 0.05694389970844442, 0.04669433318701657, 0.052811148897626184, 0.04971003597649661, 0.04319703847847202, 0.04559637587233023, 0.037111379918185146, 0.04104047584208575, 0.03978270357522098, 0.036062572493336414, 0.03856933894956654, 0.03402708815972914, 0.03508697312636809, 0.03154614345566793, 0.031161692965978927], "val_acc": [0.883, 0.8986, 0.9034, 0.9092, 0.9166, 0.9136, 0.9166, 0.9226, 0.9146, 0.9166, 0.9174, 0.921, 0.9148, 0.9178, 0.9194, 0.9214, 0.922, 0.9208, 0.9232, 0.9182, 0.9176, 0.9224, 0.9206, 0.9176, 0.9192, 0.913, 0.9216, 0.9234, 0.9216, 0.919], "acc": [0.8035818181818182, 0.8798, 0.897672727246718, 0.9127454545281151, 0.9230545454458757, 0.9318909090822394, 0.9407636363896457, 0.9463818181644786, 0.9534727272467179, 0.9600363636276938, 0.9650363636103544, 0.9691090909004212, 0.9714909090475603, 0.9752909091082487, 0.9779454545194453, 0.9790545454892245, 0.9827818182164972, 0.9811272727619518, 0.9817272727446122, 0.9844545454892245, 0.9836363635930148, 0.986745454562794, 0.9859818181991578, 0.9864363636710427, 0.9874545454718849, 0.9863272727446123, 0.9879818181384693, 0.9885090909004212, 0.9895272727272727, 0.9893272727272727]}