{"acc": [0.8082727272727273, 0.8770363636276939, 0.8907818181818182, 0.9003818181991577, 0.9070545454805548, 0.9134727272987365, 0.9163818182078275, 0.9209818181644787, 0.9232363636190241, 0.9254181818095121, 0.9273636363723061, 0.9295454545541243, 0.9318363636016845, 0.9337272727706215, 0.9354363636450334, 0.9351090909004212, 0.9385636363289573, 0.9370181818615306, 0.9402363636797124, 0.9414181818615307, 0.9411454545714638, 0.9426545454978943, 0.9449636363549666, 0.9451090909004212, 0.9452363635930148, 0.9460363636276938, 0.9477272727619518, 0.948272727281397, 0.9478363636103543, 0.9485818181558089], "val_loss": [0.35540580961704255, 0.2913765707731247, 0.26001292648315427, 0.25863929517269135, 0.2521434973239899, 0.2268451156616211, 0.21201364387869834, 0.20895011360049248, 0.2070399415254593, 0.20375824539661408, 0.19720069768428802, 0.2051968999683857, 0.20010575738847255, 0.1916167483843863, 0.1970459394365549, 0.1882164891600609, 0.1885283006310463, 0.18494948730021715, 0.18495800836086274, 0.19061405296623707, 0.18294610497504474, 0.18656002873778343, 0.18018178200870752, 0.18697979639694096, 0.18757333944290877, 0.18554083222970366, 0.1875067060649395, 0.18202648368775845, 0.181636480576545, 0.18950280086249113], "loss": [0.5326198582822627, 0.3465084850397977, 0.30227148646874863, 0.2762932510072535, 0.2566919576731595, 0.24149645567807285, 0.23144302310076628, 0.21980802656520496, 0.2116909229300239, 0.2045377715284174, 0.19996794634082102, 0.1934341475053267, 0.18671013830358332, 0.1817226272279566, 0.17764831345948306, 0.17680382210774856, 0.16903325630318033, 0.16859654096906834, 0.16284106702804566, 0.1600952857624401, 0.15768721639243038, 0.15531619555516676, 0.15079472554596987, 0.14902409831285476, 0.14848979998610237, 0.14501129062825982, 0.1417339322664521, 0.13885252085815777, 0.1396994748614051, 0.13874104055599734], "val_acc": [0.877, 0.8996, 0.9084, 0.9038, 0.906, 0.9184, 0.923, 0.9226, 0.923, 0.9234, 0.9272, 0.9262, 0.9242, 0.9254, 0.9282, 0.9298, 0.9308, 0.93, 0.931, 0.9282, 0.93, 0.932, 0.934, 0.9284, 0.9282, 0.9302, 0.9286, 0.9334, 0.9332, 0.9304]}