{"val_acc": [0.8818, 0.8982, 0.9054, 0.9028, 0.914, 0.917, 0.913, 0.9184, 0.9228, 0.9232, 0.9236, 0.9208, 0.9214, 0.9214, 0.925, 0.9282, 0.9266, 0.9242, 0.926, 0.9284, 0.929, 0.9258, 0.9312, 0.9298, 0.9286, 0.9262, 0.9296, 0.9294, 0.9312, 0.9276], "acc": [0.7854727272553877, 0.8694545454892245, 0.8854545454545455, 0.8948181818008423, 0.9024363636623729, 0.9057272726925937, 0.9123090908830817, 0.9138909091255881, 0.9173636363549666, 0.9214727272813971, 0.9223818181904879, 0.9257999999739907, 0.9284545454285361, 0.9287818181471391, 0.9313454545541243, 0.9309818182078274, 0.9329272727012634, 0.9333818181644786, 0.934672727246718, 0.9384545454978943, 0.9395272727012635, 0.9376727272553878, 0.9406363636103543, 0.9420363636450334, 0.9417636363202875, 0.945018181774833, 0.9457272727532821, 0.9469636364069852, 0.9449999999913302, 0.9471454545367848], "val_loss": [0.3473711427688599, 0.2936530281066895, 0.2814023117184639, 0.2734683836579323, 0.24020514284968375, 0.23247452952861786, 0.23765089733600617, 0.22956806300282478, 0.21688358658850193, 0.21308057331740857, 0.21283902197629212, 0.21609745700359345, 0.2087220891430974, 0.2130871202647686, 0.20239697421789168, 0.20623541400879622, 0.2041630002975464, 0.20761675860136747, 0.1964414538666606, 0.19923549431413412, 0.19596250355392694, 0.20401666701883078, 0.19542925361692906, 0.1956319589242339, 0.20466555774211884, 0.2061858078636229, 0.19883673261255025, 0.20296696926094593, 0.19981430596634744, 0.20326927436254918], "loss": [0.6825460617542267, 0.3633850197575309, 0.3153008902202953, 0.2908967829574238, 0.27189747700691225, 0.25854976214495573, 0.24250658453269439, 0.23396179879361934, 0.2259841196016832, 0.2152241066824306, 0.21132729098796846, 0.2044068219683387, 0.19659798043207688, 0.19405708328160373, 0.1877208692485636, 0.1837282141858881, 0.17923543228886343, 0.17861744357022372, 0.17472982932654293, 0.1673030019760132, 0.1654738715171814, 0.1643725781917572, 0.1587053708748384, 0.15485120692253113, 0.1547307653372938, 0.14978918878923764, 0.147178090542013, 0.1444255705204877, 0.14723572520992972, 0.14259895387779584]}