{"val_loss": [0.3486057023525238, 0.3010957697868347, 0.2807753040313721, 0.24537710860967635, 0.23878645701408385, 0.2335343004822731, 0.223909701192379, 0.22347322617173196, 0.22250241737365722, 0.21200266357064246, 0.20045766787528993, 0.20059748111367226, 0.20425687721371652, 0.1989368707180023, 0.20338061482310296, 0.19555537447482346, 0.2012871486365795, 0.19530436158180237, 0.19203644577860832, 0.19888594762086867, 0.19143135059326888, 0.1924546630591154, 0.18851032687723637, 0.19043099467158317, 0.1946559595949948, 0.1865916199028492, 0.18652511980086564, 0.18581590058803557, 0.1892846905618906, 0.1933801213555038], "loss": [0.6630642819317905, 0.36565090804967015, 0.31696857704682785, 0.2876602097641338, 0.272341118218682, 0.25596153449361975, 0.24553238625526427, 0.23479130057204853, 0.22738361479152333, 0.21889243340708991, 0.21266927320957185, 0.20880215676481073, 0.19959311473803087, 0.19481363303011115, 0.1904580935976722, 0.18569059568318455, 0.18106158321987498, 0.17724809273156253, 0.17342137195413762, 0.168893681250919, 0.16635014970085837, 0.16419653363878076, 0.16227039807926524, 0.15794594416618346, 0.153807144557346, 0.15400440908778798, 0.1487170079507611, 0.1490728092432022, 0.14690494231094015, 0.14580617861314255], "val_acc": [0.882, 0.8954, 0.8992, 0.9146, 0.9166, 0.9162, 0.9216, 0.9206, 0.9218, 0.9242, 0.9254, 0.9284, 0.9248, 0.9282, 0.9272, 0.9284, 0.9258, 0.9294, 0.9286, 0.9276, 0.9296, 0.9294, 0.93, 0.9288, 0.9292, 0.9318, 0.9314, 0.9318, 0.9306, 0.9302], "acc": [0.7822363635930148, 0.8688363636797125, 0.885945454528115, 0.8968363635930148, 0.9005999999653209, 0.9065090909524397, 0.9111636363549666, 0.9143999999739907, 0.9163272727706215, 0.9205090909351002, 0.9220000000086698, 0.9244909091342579, 0.9277454545714638, 0.928981818190488, 0.9308181818615306, 0.9320727272987366, 0.9330909091169184, 0.9334000000260093, 0.9364727273160761, 0.93909090905623, 0.937981818225167, 0.9398545454892245, 0.9398727272553877, 0.9415272727619518, 0.9431090909177606, 0.94209090905623, 0.9445818182164972, 0.9446727272813971, 0.9450000000086698, 0.9458000000433489]}