{"acc": [0.7944363636537032, 0.8741818181644786, 0.8894909091342579, 0.898454545471885, 0.9063636363723061, 0.9092181818615307, 0.9134727272727273, 0.9183272726839239, 0.9200000000086698, 0.9236363636363636, 0.9256181817835027, 0.9288363636103544, 0.9301636363549666, 0.9337454545801336, 0.9326545454198664, 0.9353636363723061, 0.9369272727012634, 0.9372909090475603, 0.9389090909177606, 0.9402363636797124, 0.9428000000086698, 0.9439272727706216, 0.9445272727706215, 0.9442727272640575, 0.9444545454458757, 0.946872727246718, 0.9455999999566511, 0.9487454545107755, 0.9485636363723061, 0.9491999999739907], "val_loss": [0.3454387402772903, 0.29182646369934084, 0.26002072355747224, 0.241741012942791, 0.24644296307563782, 0.22924126241207124, 0.21912808372974396, 0.21308608844280244, 0.20816845073103904, 0.203431501352787, 0.20168231315016746, 0.19913842462897302, 0.19770034076571463, 0.20812814212441444, 0.20433612904548645, 0.1973087728947401, 0.19026976066231727, 0.1944820241600275, 0.18875167517364025, 0.1938330350100994, 0.18797578604966403, 0.18258125798404218, 0.18787608392238617, 0.1832592686086893, 0.18238412849903107, 0.19100118400752544, 0.18331996823847294, 0.18188642436861993, 0.17548727575540543, 0.18004693170785904], "loss": [0.6109888192003423, 0.3507687760006298, 0.30705570225065404, 0.2806779712633653, 0.258824920316176, 0.25091601505496286, 0.23746351408958435, 0.22671472847678445, 0.21858136671889913, 0.21063834078095175, 0.20378870303847574, 0.19534988096302205, 0.19185036853660237, 0.18319536266977138, 0.18520731058554216, 0.175130119954456, 0.16964748167774893, 0.1696391226844354, 0.16416292707920074, 0.1608785392002626, 0.15643313494162125, 0.15385640341151843, 0.1507616469860077, 0.1504275289513848, 0.14686192822239616, 0.14134870573390615, 0.1445336796803908, 0.13678855119185016, 0.1392893792369149, 0.1363270146218213], "val_acc": [0.879, 0.8962, 0.906, 0.9124, 0.9164, 0.9238, 0.9224, 0.9248, 0.9266, 0.9254, 0.9264, 0.9296, 0.9236, 0.9246, 0.9238, 0.9266, 0.926, 0.9264, 0.9294, 0.9264, 0.9304, 0.9294, 0.9284, 0.9318, 0.9286, 0.9296, 0.9326, 0.934, 0.9328, 0.933]}