{"val_acc": [0.8718, 0.8922, 0.8996, 0.9122, 0.9114, 0.9122, 0.9126, 0.914, 0.9172, 0.922, 0.9208, 0.9146, 0.9244, 0.9216, 0.923, 0.926, 0.9242, 0.9192, 0.9218, 0.9262, 0.9254, 0.9234, 0.9264, 0.9238, 0.9274, 0.927, 0.924, 0.9256, 0.9252, 0.926], "loss": [0.6211059541138736, 0.36528027898615056, 0.32202243472012604, 0.2964683290524916, 0.27468448722579264, 0.26428763767372476, 0.25170668336261404, 0.2389125608660958, 0.23243817227103494, 0.22434387422474947, 0.21670039756948298, 0.21379983470656655, 0.20721464396606792, 0.20161206225915387, 0.1953988284847953, 0.1905682548978112, 0.18722491474585098, 0.1820572907187722, 0.18032273903760043, 0.17517146174257453, 0.16963471290414983, 0.1694981899174777, 0.1703750728672201, 0.16267342057444834, 0.16246195280335166, 0.16148381238633935, 0.15894349213838577, 0.15659623446247795, 0.15288838619752362, 0.1527807241580703], "acc": [0.7946363636016845, 0.8687090908744118, 0.8853454545107755, 0.894109090909091, 0.9011636363289574, 0.9048727272987366, 0.9094181818008423, 0.9148363636016845, 0.9163636363462968, 0.9178363636276938, 0.9213636363289573, 0.9218727272293784, 0.9248000000433488, 0.925890909134258, 0.9293636363289572, 0.9304545454805547, 0.9313454545367847, 0.9330545454458757, 0.9341454545714638, 0.9363818182078275, 0.9376545454458757, 0.9387818181904879, 0.9363272727359425, 0.9400909091169184, 0.9392909090822393, 0.9413999999913303, 0.9418909090648998, 0.9419818181558088, 0.9436363635930148, 0.9433272726839239], "val_loss": [0.36983948979377745, 0.3039287095785141, 0.27959963597655296, 0.24781501486301422, 0.25684345181584356, 0.24724309594631194, 0.24392763855159283, 0.23648781275749206, 0.23045928390324116, 0.22153701337575912, 0.22074870953261852, 0.23433605603575705, 0.21162667313963174, 0.22030328868553042, 0.21835208008289336, 0.21156035332232714, 0.21322330807745457, 0.2243363790050149, 0.2139654394105077, 0.2089867526628077, 0.20982624957561494, 0.22810735457539558, 0.21122368577718734, 0.21434935206770897, 0.21047508867532014, 0.2168233752503991, 0.2100664059922099, 0.20939320161938668, 0.21876575625613331, 0.22251767268255354]}