{"val_acc": [0.8816, 0.9014, 0.8964, 0.9126, 0.9104, 0.9144, 0.9158, 0.922, 0.9182, 0.9212, 0.9106, 0.9216, 0.9238, 0.9276, 0.9272, 0.929, 0.926, 0.9216, 0.9308, 0.929, 0.928, 0.9294, 0.9242, 0.9298, 0.928, 0.9292, 0.9326, 0.9292, 0.9282, 0.9292], "acc": [0.7708727272727273, 0.8687636363636364, 0.8861818181818182, 0.8969454545888034, 0.9031636363896457, 0.910618181809512, 0.9155636363723061, 0.9167272727359425, 0.9203272727359425, 0.9242363636363636, 0.9258181818008423, 0.9273272727099332, 0.9291999999826605, 0.9309999999913302, 0.9324727272813971, 0.9342909090995789, 0.9359999999913302, 0.9364363636623729, 0.9391818181991577, 0.9399090908830816, 0.9410909090648998, 0.9416000000086697, 0.9415272727359425, 0.9425090908744118, 0.9444181818615307, 0.9427272727359425, 0.9455090909351002, 0.9468545454285362, 0.9456909091082486, 0.9476545454111966], "val_loss": [0.36144850282669067, 0.29381079164743423, 0.28539460664987565, 0.24977406628131865, 0.24889647336006165, 0.23253952087163926, 0.2313789477944374, 0.2151131228506565, 0.223076326623559, 0.2193813380777836, 0.23671543239355086, 0.21726758804917334, 0.21366403968334197, 0.19692472137510778, 0.19614651064872743, 0.1897266392469406, 0.19791680567264558, 0.20826701320409774, 0.19052077179551125, 0.1905654110327363, 0.19183420642018317, 0.18741068593263627, 0.2105327192544937, 0.1907168122574687, 0.19343332510739564, 0.18840388458222151, 0.18674504259675742, 0.18819117878675462, 0.19493194903880356, 0.18948213489577173], "loss": [0.7506874135147441, 0.3631207641471516, 0.3110142063747753, 0.283318775545467, 0.2624342861587351, 0.24865121280496771, 0.23442323595177045, 0.2275157658707012, 0.21949821046048945, 0.2099491929097609, 0.205020222789591, 0.19873236037167635, 0.19276094766096635, 0.18981754901734266, 0.1847932205590335, 0.17919596133665605, 0.17684588306600396, 0.17388635620854118, 0.16736123155680568, 0.16455422380837528, 0.16327473164471712, 0.16122434753071177, 0.15899639855298128, 0.1550341654885899, 0.15297200385223736, 0.15512744724100286, 0.148147110860998, 0.14770915398164228, 0.14696545536409725, 0.14458505531982943]}