{"val_loss": [0.4629006542205811, 0.39783516488075255, 0.3588106156826019, 0.3296982039928436, 0.3106787969231605, 0.29631038892269135, 0.29901167075634005, 0.28692989436388017, 0.27811552124023436, 0.26867472739219667, 0.26341266767978666, 0.276303907251358, 0.2661431429862976, 0.2623698764920235, 0.2597505708038807, 0.2529193642258644, 0.26047710566520693, 0.26389762588739396, 0.2534727183103561, 0.25457104743123055, 0.2520740406155586, 0.2523895271420479, 0.24892891340255738, 0.2553367188513279, 0.2482999503135681, 0.2473966474890709, 0.23855534927845, 0.2405903268814087, 0.24921491683721542, 0.24113582659959792], "loss": [0.8170435189637271, 0.49571000537438825, 0.4330062742926858, 0.4012105161970312, 0.3774036323222247, 0.36095010391582144, 0.351706998833743, 0.3434530987262726, 0.329675974633477, 0.3238036337592385, 0.32089908602020956, 0.31273103260126983, 0.3124132772489028, 0.3082131542444229, 0.3057558112231168, 0.30130007069761106, 0.2981338585506786, 0.2954254614613273, 0.2948164497245442, 0.2891319997657429, 0.2877193285161799, 0.2861763054934415, 0.28493118324279787, 0.28371056172631004, 0.28385406450575046, 0.2807766218077053, 0.2808415954546495, 0.2763694828163494, 0.27332874509638005, 0.27557415248697453], "val_acc": [0.8388, 0.8662, 0.8778, 0.8894, 0.8926, 0.8978, 0.8988, 0.898, 0.8992, 0.9018, 0.9072, 0.9074, 0.9024, 0.9072, 0.911, 0.9102, 0.9084, 0.903, 0.9102, 0.909, 0.9122, 0.9082, 0.9142, 0.9114, 0.91, 0.9118, 0.9128, 0.9152, 0.913, 0.9132], "acc": [0.7136727272900668, 0.8190909090995788, 0.8416727272900668, 0.8548545454892246, 0.8621818181471391, 0.8697636363809759, 0.8723272726839238, 0.8749454545454546, 0.8794545454545455, 0.8823636363636363, 0.8828545454372059, 0.8857090909004212, 0.8861272726925936, 0.8875454545541243, 0.8891818181644786, 0.890090909090909, 0.8904545454198664, 0.8922363636016846, 0.8921818181471391, 0.8929090909351002, 0.8946181818615306, 0.8956545454978942, 0.8949454545454546, 0.8960727272553878, 0.8962727272813971, 0.8968727272640575, 0.896727272753282, 0.8991272726925936, 0.9002000000173396, 0.8995818181471391]}