{"val_acc": [0.8706, 0.8908, 0.8904, 0.9022, 0.9028, 0.9052, 0.9084, 0.908, 0.9166, 0.9172, 0.9172, 0.9188, 0.9186, 0.9192, 0.9204, 0.9216, 0.9208, 0.9216, 0.9212, 0.9212, 0.9234, 0.9236, 0.9228, 0.9242, 0.9244, 0.923, 0.9248, 0.9276, 0.9256, 0.9206], "acc": [0.8009090908917513, 0.864854545437206, 0.8775090909177606, 0.8856363636016845, 0.8929272727619518, 0.898054545437206, 0.9004727272553877, 0.9029272726925937, 0.9049818181991577, 0.9064363636623729, 0.908927272753282, 0.9109090908917514, 0.9130909090475603, 0.9143090908744118, 0.9156363636016845, 0.914981818190488, 0.9179636363723062, 0.9185636363896457, 0.918672727246718, 0.9208727273160761, 0.9203454545541243, 0.9222909090822393, 0.9220000000433488, 0.9228909090822394, 0.9234727272987365, 0.924963636337627, 0.924509090909091, 0.9251636363723061, 0.9255818181731484, 0.9262363636016846], "val_loss": [0.36860021007061006, 0.3176484910130501, 0.3080951442599297, 0.28112955627441405, 0.27724695640206337, 0.2676434294641018, 0.2623725277662277, 0.2575051330387592, 0.24290384910702706, 0.24026990057826042, 0.2385532276034355, 0.23612806800603867, 0.23010723664462565, 0.2270617354542017, 0.22434542554318904, 0.22280752269327642, 0.22349038444459438, 0.22151838753819467, 0.22128665758669377, 0.2174611906707287, 0.21422054554224015, 0.2162562113761902, 0.21758684738129377, 0.20923980694413186, 0.21229935943335296, 0.21112749574184417, 0.2100240926206112, 0.20556449163556098, 0.2074129219800234, 0.2159690140426159], "loss": [0.6879772296558727, 0.3725066016110507, 0.3365701330228285, 0.3133072076103904, 0.29597962330037897, 0.2862537384206598, 0.27702490794875406, 0.2676970540306785, 0.2630762331312353, 0.2559875926407901, 0.2512788587916981, 0.246172726967118, 0.2416213275866075, 0.23764825814854015, 0.23433218574090436, 0.23263336642438714, 0.2273528575442054, 0.22559171777855266, 0.22418221350583162, 0.2192429394635287, 0.2179617033850063, 0.2158638253060254, 0.21337415577715094, 0.21104089041623203, 0.2095731674822894, 0.20828072337454015, 0.20693456432169133, 0.20502056280266154, 0.20274019035859542, 0.20185559095469388]}