{"acc": [0.8089636363809759, 0.8782181817835027, 0.8938, 0.9029999999566511, 0.9095636363549666, 0.9135272727359425, 0.9190909090995789, 0.9204181818008423, 0.9248545454805548, 0.9254545454632153, 0.9284181817921725, 0.9310545454805548, 0.9318909090562301, 0.9332181818615306, 0.9360181817921726, 0.9366727272640575, 0.9375818181731485, 0.9402909090475603, 0.940127272753282, 0.9415090909524397, 0.9421818181991577, 0.9438363636450334, 0.9456363636016846, 0.9457454545021057, 0.9474545454285361, 0.9473272727359425, 0.9474363636537032, 0.9494181818181818, 0.9496181818441911, 0.9516363636797125], "val_loss": [0.36217747812271117, 0.2882385617852211, 0.25762300320863724, 0.25479240902662276, 0.22553196969032288, 0.22394631691277028, 0.21166667907238007, 0.2138892903149128, 0.20497018628120423, 0.20635685152560473, 0.19410688798129558, 0.20193101677298547, 0.19905367259681225, 0.19621617729440333, 0.19888912469670175, 0.19681097632944583, 0.18829400406554342, 0.19222369916886092, 0.19101381681337953, 0.19000175634920596, 0.19153484042286872, 0.1852715657517314, 0.18544351646602153, 0.18731662330180407, 0.189509957793355, 0.18933924609422684, 0.18576428795084357, 0.18324692055135966, 0.18762525670602917, 0.18866127217374742], "loss": [0.5354357681274414, 0.3425093981352719, 0.29799241580529645, 0.27118234930905427, 0.2536895495761525, 0.24072036993720314, 0.22654622754183681, 0.2184810206456618, 0.20891077763167296, 0.20367377170866185, 0.19706921971711244, 0.18792648606300355, 0.18655295756296678, 0.18255401076186786, 0.17533101255893707, 0.1703764182740992, 0.17128809746178714, 0.1634753339550712, 0.1625347956982526, 0.1578766922083768, 0.15626410534273494, 0.1516256892486052, 0.14739786953492598, 0.14576642517718402, 0.1428583743095398, 0.1427419199921868, 0.14162635720209643, 0.13850120356895707, 0.13576763130751524, 0.13240573787255722], "val_acc": [0.8726, 0.9006, 0.907, 0.908, 0.9176, 0.9186, 0.9244, 0.9208, 0.925, 0.9246, 0.9322, 0.9254, 0.9276, 0.9276, 0.9256, 0.9268, 0.9294, 0.9298, 0.93, 0.9306, 0.9292, 0.9312, 0.9322, 0.929, 0.9314, 0.9286, 0.9326, 0.9314, 0.9308, 0.9348]}