{"val_acc": [0.884, 0.8922, 0.9122, 0.91, 0.915, 0.9204, 0.92, 0.9264, 0.9216, 0.9262, 0.9242, 0.9238, 0.9268, 0.9248, 0.9262, 0.9284, 0.9268, 0.9284, 0.9292, 0.929, 0.9278, 0.9294, 0.9298, 0.931, 0.931, 0.9326, 0.9316, 0.9294, 0.9312, 0.9288], "acc": [0.8066000000260093, 0.8769636363896457, 0.8934909090822393, 0.902818181809512, 0.9092363636016846, 0.9143818181384693, 0.9170181818268516, 0.9204000000260093, 0.9248181818441911, 0.9255636363289573, 0.9295454545367848, 0.9311999999739907, 0.9331090909004212, 0.9340909090995788, 0.9347999999739907, 0.9366000000260093, 0.9379636363983155, 0.9394181818355214, 0.940727272753282, 0.9418545454632152, 0.9439636363202876, 0.9451818181558089, 0.9455818181558089, 0.9459454545194452, 0.9465272727532821, 0.9471090908830816, 0.9470727273074063, 0.9487454545454546, 0.9476363636450335, 0.9499454545801336], "val_loss": [0.34356234397888186, 0.30465705795288084, 0.25862086530923845, 0.24647621039152146, 0.23432239772081376, 0.21648120226562023, 0.21725649664998054, 0.20318818292319774, 0.20762663398236036, 0.20043354756534099, 0.19656801789104938, 0.19480174822881818, 0.19270547067821026, 0.19566917682886123, 0.19372066973298788, 0.19370751682668924, 0.18856789589822293, 0.1921365806683898, 0.1877215191692114, 0.1913914218336344, 0.18360507546514274, 0.19041308267861604, 0.1830625985428691, 0.18708333724737167, 0.18388193556666374, 0.18012392794936896, 0.18377732900306581, 0.1900095683477819, 0.1978770588390529, 0.18990194061324], "loss": [0.5335555151765997, 0.3447987699617039, 0.2980196664246646, 0.2718103085387837, 0.25215627912824806, 0.23761993078426882, 0.23015237608606165, 0.21769539067745208, 0.2088325480526144, 0.20388762586767023, 0.1945668769901449, 0.1891327373938127, 0.1848541923934763, 0.18035831649086692, 0.17817557896700773, 0.17312929055257278, 0.16961266056624325, 0.1674060368440368, 0.16129782880002802, 0.15773508320938456, 0.15462387222376736, 0.15141609612703325, 0.14941943108385258, 0.1470639500878074, 0.14430811841921373, 0.14275726375146347, 0.14188097683733158, 0.13800086307254705, 0.138837739870765, 0.13615255696556786]}