{"val_acc": [0.8822, 0.8826, 0.9058, 0.91, 0.9218, 0.919, 0.9198, 0.925, 0.9228, 0.9276, 0.9274, 0.9298, 0.931, 0.928, 0.9302, 0.9328, 0.9284, 0.9294, 0.9302, 0.9338, 0.933, 0.933, 0.9334, 0.9292, 0.9328, 0.931, 0.9322, 0.9344, 0.9336, 0.9308], "acc": [0.8010909091255881, 0.8748363636016846, 0.8909454545454546, 0.8988545454805548, 0.9061636363462968, 0.9118363636797124, 0.9171636363462968, 0.920418181774833, 0.9234363636276939, 0.9254727272467179, 0.9269272726839239, 0.929181818190488, 0.9325272727619518, 0.932818181809512, 0.9349636363896456, 0.9358545454978943, 0.939909090865742, 0.9404363636623729, 0.9405454545194453, 0.9411272727619517, 0.9429090909177607, 0.944872727246718, 0.945181818190488, 0.947218181774833, 0.9465454545194453, 0.9479454545627941, 0.9482363636190241, 0.9495636363202875, 0.9491090909004212, 0.9509272727012634], "val_loss": [0.348022869348526, 0.3139175914287567, 0.27065074054002763, 0.25474077401161194, 0.2289351925611496, 0.2221009855031967, 0.2187422170341015, 0.2118491104066372, 0.21405224246680737, 0.2026542573660612, 0.2020664511680603, 0.19610797247961165, 0.1923939602315426, 0.19682642798572778, 0.19423654573857785, 0.18637892122864724, 0.19195563568770885, 0.1896624261200428, 0.19595004068613053, 0.18914072610139845, 0.18417935536652805, 0.19057104383707046, 0.18710284865498542, 0.19238245677500962, 0.18899383234456182, 0.19486090489923955, 0.18710993936657905, 0.1884849242337048, 0.188478565903008, 0.19235381221920253], "loss": [0.5488617112463171, 0.3485774274219166, 0.3059999634699388, 0.2799921160697937, 0.26247617963010617, 0.24234388912591068, 0.23084309440092607, 0.2221158257441087, 0.2136898042375391, 0.20649867077524012, 0.20063036200349982, 0.19282441454367205, 0.18570323748588563, 0.1827135382153771, 0.1781056048154831, 0.17175593111948534, 0.16624540347402747, 0.16253901259032164, 0.16048303651376203, 0.15848625058477575, 0.15598480900851164, 0.1514045866532759, 0.15054551084475085, 0.14463823088949376, 0.14521811192685907, 0.14052299098805948, 0.14038947308930483, 0.1359303011265668, 0.13590256949771534, 0.1342568958759308]}