{"acc": [0.8120181818528609, 0.8877090908917514, 0.9019272727706216, 0.9115636363723061, 0.9206181818268516, 0.9217454545107755, 0.930181818190488, 0.932781818190488, 0.9348363636103544, 0.9395454545194453, 0.9428000000173395, 0.9432545454285362, 0.9475454545541243, 0.9503272727012634, 0.9507818181558089, 0.9542727272640575, 0.9537272727359425, 0.9553999999566511, 0.9564181818181818, 0.958654545471885, 0.9582909090648998, 0.9599818181384694, 0.9613090908830816, 0.962600000034679, 0.9640727273074063, 0.9639272727446122, 0.9641818181558088, 0.9662727272900669, 0.9655454545627941, 0.9678363636710428], "loss": [0.6991611688787287, 0.3111140010270205, 0.2702084179011258, 0.2421478089766069, 0.22059292016246101, 0.21166229595271024, 0.1928989446921782, 0.1851584161975167, 0.17434327018044213, 0.16272160190235485, 0.15661743781783363, 0.15166823721798983, 0.14425870174928146, 0.13594922241080892, 0.13319792609865017, 0.1261723195704547, 0.12448863727829673, 0.11985999407388948, 0.11540930275524204, 0.1124764134932648, 0.11089309050820091, 0.10670403786572544, 0.10221430865201082, 0.09935693428949877, 0.09713933673121712, 0.09523074289993806, 0.09546778952641921, 0.08990178094343705, 0.09187147692279382, 0.08566912324103441], "val_loss": [0.317835182762146, 0.2920045519351959, 0.2478255391061306, 0.22993781692385673, 0.21404930649697781, 0.21724169751033187, 0.23156600544303654, 0.2169790115982294, 0.21965418542549014, 0.20507980706989765, 0.20251585116796195, 0.2092261754691601, 0.20091428427249194, 0.2061345293596387, 0.2025338140845299, 0.20478344799857587, 0.20551983858793973, 0.20131298949941992, 0.2081787479955703, 0.21452081334516407, 0.21746694143339992, 0.2107898538388312, 0.22339145135656, 0.21349811342060565, 0.21675237043863163, 0.21356653141118587, 0.2233374741435051, 0.22673520230203867, 0.22206380241438747, 0.23079359758067877], "val_acc": [0.8862, 0.897, 0.9096, 0.9144, 0.9254, 0.9214, 0.9146, 0.9212, 0.9246, 0.9226, 0.9246, 0.9274, 0.9254, 0.9266, 0.9276, 0.9276, 0.9234, 0.9274, 0.9294, 0.9256, 0.927, 0.9322, 0.9274, 0.9304, 0.9312, 0.9322, 0.9274, 0.9272, 0.9278, 0.9304]}