{"val_acc": [0.8808, 0.901, 0.9108, 0.912, 0.9094, 0.9124, 0.916, 0.9146, 0.9168, 0.9156, 0.9148, 0.9164, 0.9222, 0.9194, 0.9228, 0.9242, 0.921, 0.9148, 0.9186, 0.9184, 0.9162, 0.923, 0.9232, 0.9256, 0.9268, 0.9252, 0.9232, 0.9226, 0.9192, 0.9244], "acc": [0.7893999999739907, 0.8753636363723061, 0.8891090909351002, 0.8988727272553877, 0.9029090908744118, 0.9069636363723061, 0.91189090905623, 0.9156181818528609, 0.9180000000433488, 0.9200727272380482, 0.9223090909177607, 0.9208727273160761, 0.9267454545367848, 0.9253090908830817, 0.9273818181991578, 0.9286363636276939, 0.9310545454285362, 0.9313818181904879, 0.9312909090995789, 0.9333090908830816, 0.9324000000086697, 0.9360545454458757, 0.9359272727359425, 0.9371818182078275, 0.9398727272553877, 0.9385818181384693, 0.9397454545714639, 0.9410545454111966, 0.94149090905623, 0.9421818182078274], "val_loss": [0.34436014139652255, 0.29362030839920045, 0.25663278195858, 0.26439321380853653, 0.24810672326683997, 0.25608618636131286, 0.23396603070795535, 0.24761002563238144, 0.2454624339580536, 0.2318344120800495, 0.23039037063717843, 0.2247458528161049, 0.2169648448586464, 0.2129471087127924, 0.20750367233604192, 0.20755204672813415, 0.20771791476607324, 0.2384601161837578, 0.21553225848078728, 0.222342762362957, 0.22072777999639512, 0.20568583130538465, 0.21171056797802448, 0.2070634497076273, 0.19865493133813142, 0.20284772974029183, 0.20185718849897386, 0.20111883874833583, 0.21455712830126286, 0.20640126859247684], "loss": [0.7985947464336048, 0.3429065629395572, 0.3043664372097362, 0.27913252228390084, 0.26425963714773004, 0.2536497146129608, 0.2431846672188152, 0.23442724995396355, 0.22690871303298257, 0.2203940807429227, 0.2171636380694129, 0.21571644514040514, 0.20574539216865192, 0.20481884728561747, 0.20168043398965488, 0.19480066779093308, 0.19151070978749882, 0.18994764164144343, 0.18817002124569632, 0.1816919990301132, 0.18239734396067533, 0.1770369492704218, 0.17461195123412393, 0.17260275520844892, 0.16929824980388988, 0.16981934964981946, 0.16665614919662475, 0.16414690550457348, 0.1610336851163344, 0.15981060391339388]}