{"val_acc": [0.8824, 0.8986, 0.9028, 0.9012, 0.9134, 0.9154, 0.9202, 0.9196, 0.9196, 0.9226, 0.9176, 0.9258, 0.9276, 0.926, 0.9254, 0.9298, 0.9272, 0.9298, 0.9296, 0.927, 0.9294, 0.9314, 0.9288, 0.9326, 0.93, 0.929, 0.9328, 0.9282, 0.9328, 0.9286], "acc": [0.7831272727099332, 0.868472727316076, 0.8854909091342579, 0.8952363636363636, 0.9026363636797125, 0.9063454545194453, 0.9111818182164972, 0.9157272727359425, 0.9183272727186029, 0.9210545454372059, 0.9254181817921725, 0.9253636363462968, 0.9278363636710427, 0.9316909090648998, 0.9319272726925937, 0.933127272753282, 0.9361454545367848, 0.9366545454458757, 0.939345454528115, 0.9383999999826604, 0.9389272727619518, 0.9416363636276939, 0.9416000000086697, 0.9428909090822393, 0.9446909090735696, 0.9448363636103544, 0.9442363636710427, 0.9480545454632152, 0.9470000000260093, 0.949381818225167], "val_loss": [0.356644509601593, 0.3023856976032257, 0.27680037972927096, 0.26812967137098315, 0.24008461755514146, 0.2481953840970993, 0.22667883348464965, 0.22311899671554566, 0.22200621184706687, 0.21373103357404472, 0.22640561417341232, 0.20510696662962435, 0.1957398047223687, 0.20110566618442535, 0.1978248324751854, 0.19274997306466102, 0.1945495495378971, 0.1920757354557514, 0.18983238364458085, 0.19853503641337156, 0.18974058988392353, 0.1946934529155493, 0.19263832504153253, 0.18633236661702393, 0.19178216368258, 0.19253338520228863, 0.19117910576164723, 0.19262483647614717, 0.18705939362049104, 0.19421887913346292], "loss": [0.6555217338041825, 0.36739908417354933, 0.3200679422031749, 0.2898493643847379, 0.26835967610966077, 0.2560058439211412, 0.24371768294247714, 0.23064154201637616, 0.22332441506494174, 0.21524007447416132, 0.2063177101547068, 0.20147713757428257, 0.192342650643262, 0.18827296262871135, 0.1850581336476586, 0.18278406676379116, 0.17438407392826946, 0.16950111919533123, 0.16731456900076433, 0.16689971829761158, 0.16237159250974656, 0.1580973515185443, 0.15817512417273089, 0.1546439346226779, 0.14986212969910015, 0.1501047830321572, 0.1475595439607447, 0.14184687654321845, 0.14208552722714163, 0.1389831691460176]}