{"val_acc": [0.873, 0.8958, 0.906, 0.9116, 0.9132, 0.9186, 0.9208, 0.9176, 0.9188, 0.9222, 0.9184, 0.9246, 0.9258, 0.9248, 0.9284, 0.9282, 0.9278, 0.9244, 0.926, 0.9262, 0.9288, 0.9252, 0.9246, 0.9268, 0.9258, 0.9252, 0.9252, 0.9288, 0.9294, 0.927], "acc": [0.7876727272640575, 0.8702545454805548, 0.8827454545714638, 0.8950545454198664, 0.9013636363636364, 0.9061090909004211, 0.9121818181731484, 0.9162545454285361, 0.9172181818441911, 0.9209454545021057, 0.9242181818181818, 0.9256181818008423, 0.9275818182078275, 0.9295454545194453, 0.9307090908830816, 0.9329636363809759, 0.9355090909004211, 0.9364000000433488, 0.9369272727359425, 0.9370909090475602, 0.9395090909004211, 0.939654545437206, 0.9432181817921725, 0.9432909090822393, 0.9419454545194452, 0.9448909090475602, 0.945072727246718, 0.946018181774833, 0.9472363635930148, 0.9469454545194452], "val_loss": [0.3661868962287903, 0.2872005779862404, 0.2770615509450436, 0.2571131747066975, 0.2544782655596733, 0.2341393740296364, 0.22507323202490806, 0.22458440241217614, 0.22402149523496628, 0.21382683572769165, 0.21789325164854526, 0.20707403645813466, 0.1965919794768095, 0.20096714203953742, 0.19389976436048745, 0.19640533321499826, 0.19767379080057143, 0.19523385819792746, 0.1937229910135269, 0.19998318494260311, 0.18780375094115734, 0.19321727541089057, 0.20130176631510258, 0.19965672657936812, 0.19187254184037447, 0.19597585183382035, 0.20133911078870295, 0.19426191968396306, 0.19247316367328168, 0.18994488931447268], "loss": [0.6342774951024489, 0.3654022164778276, 0.3196316683769226, 0.2897169569340619, 0.2701469028104435, 0.25604000414935024, 0.24113254632299597, 0.23109311926581644, 0.22444239281307568, 0.2171424067215486, 0.20592618293328718, 0.20283978616541082, 0.19389141423485495, 0.1917557641701265, 0.1875373621073636, 0.18182008297876878, 0.17626205134608527, 0.17386317756826228, 0.17294915389147672, 0.16680161716829647, 0.16379219540682705, 0.16325549779588525, 0.15632983283563093, 0.15293879894560033, 0.15424219245585527, 0.14926386936903, 0.14800157633261246, 0.14482083603252063, 0.14294575036439028, 0.14269969615719535]}