{"val_acc": [0.8788, 0.8988, 0.9078, 0.907, 0.916, 0.9152, 0.9172, 0.9182, 0.9192, 0.923, 0.9192, 0.9256, 0.9204, 0.9244, 0.924, 0.9264, 0.9258, 0.9284, 0.9272, 0.9278, 0.9284, 0.9296, 0.9276, 0.9258, 0.9274, 0.9286, 0.9266, 0.93, 0.9248, 0.9292], "loss": [0.6604961419322274, 0.3667663080518896, 0.32070636086897414, 0.2923761378028176, 0.2745758702798323, 0.26198741120858626, 0.245905317382379, 0.23641373004479843, 0.22505588536696, 0.21572410919883034, 0.21101831436807458, 0.20275953024950893, 0.19752532886591825, 0.1903972827131098, 0.18669300876964223, 0.18523685531399467, 0.17918643001859838, 0.17320333272110333, 0.1688085078976371, 0.16679433838887647, 0.16180625527988782, 0.1629166041341695, 0.15526861287572166, 0.15756027858474037, 0.15190255428444255, 0.14943848270069468, 0.1475010928219015, 0.14685806500044735, 0.14608943026932802, 0.14146863988746297], "acc": [0.7829272727619518, 0.8670363636016846, 0.8849090909524397, 0.8938363636190241, 0.9015090909524397, 0.9040909090909091, 0.9109636364069852, 0.9134545454545454, 0.9185454545801336, 0.9211999999913303, 0.9227090909004212, 0.9259636364069852, 0.9280909090475603, 0.9300545454285362, 0.9325272727446122, 0.9313818181471392, 0.9337636363896457, 0.9360909091169184, 0.9374000000433488, 0.9389818181731484, 0.940236363662373, 0.9397454545367848, 0.9418909090648998, 0.9416181818268515, 0.943400000034679, 0.9435454545541243, 0.9457636363549666, 0.9447090908830816, 0.9455272726839239, 0.9471454545801337], "val_loss": [0.35191386952400205, 0.2913666377902031, 0.2792137987196445, 0.261559113150835, 0.24733870112895964, 0.24389211764335633, 0.23139822022616863, 0.21997895248532295, 0.2167442943304777, 0.21225438890010118, 0.2163588153809309, 0.2068835285395384, 0.2070202459037304, 0.20823957778513433, 0.200872104460001, 0.20049137176722287, 0.1986319418527186, 0.19363889462947845, 0.19874003657996656, 0.19476393873244524, 0.19331827705278992, 0.1931703454837203, 0.19538306915462017, 0.19350377826094628, 0.20241088705062865, 0.18998923637643456, 0.19652588516250252, 0.1922596500337124, 0.19412700121551751, 0.1948555352628231]}