{"val_acc": [0.8792, 0.894, 0.9048, 0.911, 0.9132, 0.919, 0.9136, 0.9182, 0.9222, 0.9216, 0.9252, 0.9238, 0.9276, 0.926, 0.9272, 0.9258, 0.923, 0.921, 0.9264, 0.9306, 0.9294, 0.931, 0.9218, 0.9282, 0.9302, 0.9284, 0.931, 0.9238, 0.9314, 0.9284], "loss": [0.6517789038528096, 0.35594285541014237, 0.3153004810246554, 0.28516279292756863, 0.26656008895527233, 0.24918685569763183, 0.23901831918846478, 0.22927796594446356, 0.21903217470645905, 0.21111411865624513, 0.20459389072765002, 0.19714180221340874, 0.18979221002838828, 0.1868326859159903, 0.18412168431282044, 0.17851264685067264, 0.1703959146781401, 0.17083874870647084, 0.16685728518095883, 0.1611713183608922, 0.1577581614407626, 0.15544341218471527, 0.15218454919294877, 0.1492932740168138, 0.14851832703785464, 0.14558224843198603, 0.147607760822773, 0.1412788978316567, 0.14245570197538895, 0.13674636949409139], "acc": [0.7854727272640575, 0.8731454545888033, 0.885618181809512, 0.8969636363896457, 0.9029818181471391, 0.9095818181558089, 0.9129999999826605, 0.9158181818181819, 0.9204000000433489, 0.9228909090648998, 0.9247818182078275, 0.929181818190488, 0.9306545454458757, 0.9311636363809759, 0.9320909091082487, 0.9343454545367847, 0.9371090909177606, 0.9354181818528609, 0.9386181818095121, 0.9403090908657421, 0.941327272753282, 0.9421454545541244, 0.9443090909004211, 0.9443818181644786, 0.9448545454285362, 0.9461272727359425, 0.9451454545021057, 0.9472727272640575, 0.9476363636276939, 0.9483090909177607], "val_loss": [0.35672034134864805, 0.3020730839729309, 0.2655516376256943, 0.2501122502088547, 0.23773660597205162, 0.22575672260522842, 0.23194970109462737, 0.22056692468523978, 0.2099953254878521, 0.20918355543613434, 0.20536558671295643, 0.206640095859766, 0.19909756899774075, 0.2035176309004426, 0.1961163403570652, 0.20382133280485867, 0.20139132317751646, 0.21088021679520608, 0.19918768183737992, 0.1896338422805071, 0.19193370857387781, 0.19073683834969998, 0.21022842101454733, 0.20148053861111404, 0.19565347675085068, 0.20836953362971544, 0.19414598813056946, 0.21269664526581764, 0.19363122650831938, 0.19877786814421416]}