{"acc": [0.4386545454978943, 0.6455454545541243, 0.6991454545194452, 0.7276545454198664, 0.7433272727619518, 0.7554181818008423, 0.7633090908917514, 0.770527272718603, 0.7794000000433489, 0.7896363636016845, 0.7989999999566512, 0.8059090909177606, 0.8135818181904879, 0.8174727272553878, 0.8186181817921725, 0.8240181817835027, 0.8271454545021057, 0.8300181818441911, 0.8322181818528609, 0.8344181818095121, 0.8370909090562301, 0.8399272727619518, 0.8410727272900668, 0.8444909091255881, 0.8451272727706216, 0.8499454545801336, 0.8488363635930148, 0.8509818181471391, 0.8518727272640575, 0.8532363635930148], "loss": [2.7742836082458497, 1.3374724955992265, 1.1481884327021512, 1.033347735855796, 0.9578871572581205, 0.9062467769102617, 0.8660692077463323, 0.8358653457988392, 0.8007262889428572, 0.7670401587659662, 0.7393343100807883, 0.7156655099001797, 0.696252803923867, 0.6778220052112233, 0.6649684960451993, 0.6499225250764327, 0.6367026630228216, 0.6237175086454911, 0.6160259217002175, 0.6067731927178123, 0.6000479565880515, 0.589036478025263, 0.5832546845002607, 0.574491853540594, 0.56756556335796, 0.5581639911391518, 0.5564132932836359, 0.5488854404189369, 0.5454311017426577, 0.5406670111786236], "val_loss": [1.4549791738510132, 1.190235068511963, 1.0446688104629516, 0.9549060531616211, 0.9049655055046082, 0.8687932905197143, 0.8175138195037842, 0.7903036810874939, 0.7703509883880615, 0.7380401253700256, 0.72675530834198, 0.6886499578475952, 0.6780370667934418, 0.6560841774940491, 0.6508854918956757, 0.6333670411109924, 0.6260785704612732, 0.6417944119930268, 0.620009354352951, 0.6023956862926483, 0.6091247946262359, 0.5905811918258667, 0.588480128622055, 0.5893268505096435, 0.5831895264148712, 0.6001343361377716, 0.5721707585334778, 0.5768320974826813, 0.562658574962616, 0.5662683951854706], "val_acc": [0.6142, 0.7054, 0.741, 0.761, 0.7646, 0.7646, 0.7832, 0.7878, 0.7948, 0.8006, 0.8018, 0.8142, 0.8158, 0.8216, 0.8208, 0.831, 0.8298, 0.8214, 0.8248, 0.832, 0.8324, 0.8374, 0.8376, 0.8334, 0.8416, 0.833, 0.8402, 0.8368, 0.8404, 0.8436]}