{"acc": [0.8403090908744119, 0.9101636363896457, 0.9290363636190241, 0.9420000000260093, 0.9532545454892245, 0.9619272727619518, 0.9678181818528608, 0.9730363636797125, 0.977254545471885, 0.9825272727446123, 0.9830363636537032, 0.9858363636363636, 0.9885818182164973, 0.9892909091082486, 0.9908363636710427, 0.9890181818355214, 0.9918181817748329, 0.9916363636537032, 0.99070909094377, 0.9940545454545454, 0.99330909094377, 0.9929454545454546, 0.9949272727272728, 0.9924363636537031, 0.9934727272727273, 0.9960909090909091, 0.9951636363636364, 0.9920181818181818, 0.9943454545627941, 0.9953818181818181], "loss": [0.6439043818907304, 0.24847571819478814, 0.1971951688636433, 0.1601409567377784, 0.12932620381983845, 0.10747088534073396, 0.08916902406161481, 0.07522660942077637, 0.061866900608756326, 0.049399814854155885, 0.047460285027189686, 0.04023056033470414, 0.03333336183753881, 0.029292852277376435, 0.02672996522946791, 0.02960400848524137, 0.023513150017369876, 0.02288650634441186, 0.024578697512637485, 0.018086605692993512, 0.01866458450596441, 0.02047163157151504, 0.01398256878846071, 0.021902454024925827, 0.017842890028283, 0.011868052964860742, 0.013109843737259506, 0.022023813727772158, 0.017543514246781442, 0.012054003737460484], "val_loss": [0.28017953634858134, 0.24230911112129688, 0.24178353857994078, 0.2508459647357464, 0.2375893526315689, 0.26826004452556373, 0.294930749181658, 0.31778990446757527, 0.3178132607849315, 0.35119776638522743, 0.35155202663741075, 0.3621235310836695, 0.406384046975337, 0.43697840390205384, 0.46791800770759584, 0.4728774355754256, 0.5030726183379477, 0.5227116030813166, 0.4865525959235616, 0.5080430840501969, 0.5096501314641151, 0.5189946288593114, 0.5710422229964752, 0.5850653195319115, 0.5771652281197137, 0.6235472607103176, 0.6039779123136424, 0.6437913964695298, 0.6190117735213367, 0.5826400080480147], "val_acc": [0.9022, 0.9106, 0.9104, 0.9074, 0.9164, 0.9124, 0.9082, 0.9128, 0.911, 0.9116, 0.9138, 0.9128, 0.9082, 0.912, 0.91, 0.9092, 0.9068, 0.906, 0.9138, 0.9114, 0.9114, 0.916, 0.9098, 0.9158, 0.9102, 0.912, 0.9134, 0.9114, 0.9104, 0.9138]}